Duracell AA,Another batteries,20,Alkaline Batteries
PS4 God of war,The best game,10,Pre-Owned Games
Electric Griddles & Hotplates,Electric Griddles & Hotplates,30,Pre-Owned Games
Iphone 12,Cellphone Iphone 12,1000,Pre-Owned Games
Duracell AA,Pack x4 batteries,10,Alkaline Batteries
water bottles,water bottles,188,Refrigerator Water Filters
wall art,wall art,40,Wall Chargers & Power Adapters
PS4 God of War,PS4 God of War,20,Pre-Owned Games
sdas,asfasf,012,Pre-Owned Games
sdas,asfasf,012,Pre-Owned Games
alkaline batteries,AA alcaline batteries for all uses,012,Rechargeable Batteries
alkaline batteries,AA alcaline batteries for all uses,012,Rechargeable Batteries
alkaline batteries,AA alcaline batteries for all uses,012,Rechargeable Batteries
